Activity Date,Process Date,Settle Date,Instrument,Description,Trans Code,Quantity,Price,Amount,
6/17/2026,6/17/2026,6/18/2026,SVIX,"-1x Short VIX Futures ETF
CUSIP: 92891H101",Sell,1,$22.82 ,$22.82 ,
6/17/2026,6/17/2026,6/18/2026,SVIX,"-1x Short VIX Futures ETF
CUSIP: 92891H101",Buy,1,$22.80 ,($22.80),
6/17/2026,6/17/2026,6/18/2026,UVXY,"ProShares Ultra VIX Short-Term Futures ETF
CUSIP: 74347Y680",Sell,1,$26.60 ,$26.60 ,
6/17/2026,6/17/2026,6/18/2026,UVXY,"ProShares Ultra VIX Short-Term Futures ETF
CUSIP: 74347Y680",Buy,1,$26.07 ,($26.07),
6/17/2026,6/17/2026,6/18/2026,UVXY,"ProShares Ultra VIX Short-Term Futures ETF
CUSIP: 74347Y680",Sell,1,$26.61 ,$26.61 ,
6/17/2026,6/17/2026,6/18/2026,UVXY,"ProShares Ultra VIX Short-Term Futures ETF
CUSIP: 74347Y680",Buy,1,$26.05 ,($26.05),
6/17/2026,6/17/2026,6/18/2026,SVIX,"-1x Short VIX Futures ETF
CUSIP: 92891H101",Buy,1,$23.20 ,($23.20),
6/17/2026,6/17/2026,6/18/2026,UVXY,"ProShares Ultra VIX Short-Term Futures ETF
CUSIP: 74347Y680",Sell,1,$26.18 ,$26.18 ,
6/17/2026,6/17/2026,6/18/2026,SVIX,"-1x Short VIX Futures ETF
CUSIP: 92891H101",Buy,1,$23.46 ,($23.46),
6/17/2026,6/17/2026,6/18/2026,UVXY,"ProShares Ultra VIX Short-Term Futures ETF
CUSIP: 74347Y680",Buy,1,$25.47 ,($25.47),
6/17/2026,6/17/2026,6/18/2026,SVIX,"-1x Short VIX Futures ETF
CUSIP: 92891H101",Sell,1,$23.63 ,$23.63 ,
6/16/2026,6/16/2026,6/17/2026,UVXY,"ProShares Ultra VIX Short-Term Futures ETF
CUSIP: 74347Y680",Sell,1,$25.90 ,$25.90 ,
6/16/2026,6/16/2026,6/16/2026,,Instant bank transfer - account ending in 5147,RTP,,,$150.00 ,
6/16/2026,6/16/2026,6/17/2026,SVIX,"-1x Short VIX Futures ETF
CUSIP: 92891H101",Buy,1,$23.46 ,($23.46),
6/16/2026,6/16/2026,6/17/2026,SVIX,"-1x Short VIX Futures ETF
CUSIP: 92891H101",Sell,3,$23.55 ,$70.65 ,
6/15/2026,6/15/2026,6/16/2026,UVXY,"ProShares Ultra VIX Short-Term Futures ETF
CUSIP: 74347Y680",Buy,1,$26.11 ,($26.11),
6/11/2026,6/11/2026,6/12/2026,,ACH Withdrawal,ACH,,,($328.00),
6/11/2026,6/11/2026,6/12/2026,SVIX,"-1x Short VIX Futures ETF
CUSIP: 92891H101",Sell,2,$20.55 ,$41.10 ,
6/11/2026,6/11/2026,6/12/2026,SVIX,"-1x Short VIX Futures ETF
CUSIP: 92891H101",Sell,1,$20.55 ,$20.55 ,
,,,,,,,,,
,,,,,,,,,The data provided is for informational purposes only. Please consult a professional tax service or personal tax advisor if you need instructions on how to calculate cost basis or questions regarding your specific tax situation. Reminder: This data does not include Robinhood Crypto or Robinhood Spending activity.
