TRADE DATE,ACTION,SYMBOL,QTY,PRICE
6/17/2026,Sell,SVIX,1,22.82
6/17/2026,Buy,SVIX,1,22.80
6/17/2026,Sell,UVXY,1,26.60
6/17/2026,Buy,UVXY,1,26.07
6/17/2026,Sell,UVXY,1,26.61
6/17/2026,Buy,UVXY,1,26.05
6/17/2026,Buy,SVIX,1,23.20
6/17/2026,Sell,UVXY,1,26.18
6/17/2026,Buy,SVIX,1,23.46
6/17/2026,Buy,UVXY,1,25.47
6/17/2026,Sell,SVIX,1,23.63
6/16/2026,Sell,UVXY,1,25.90
6/16/2026,RTP,,,
6/16/2026,Buy,SVIX,1,23.46
6/16/2026,Sell,SVIX,3,23.55
6/15/2026,Buy,UVXY,1,26.11
6/11/2026,ACH,,,
6/11/2026,Sell,SVIX,2,20.55
6/11/2026,Sell,SVIX,1,20.55
